-- =====================================================
-- Goenka Transit – Auto-generated Seed Data
-- Generated from: GDGU BUS ROUTES JAN-JUN 2026.xlsx
-- Routes: 11, Total stops: 172
-- =====================================================

-- ROUTES
INSERT INTO routes (id, name, start_point, city, color) VALUES ('R01', 'Route 01 – ROHINI WEST METRO STATION, N.D.', 'ROHINI WEST METRO STATION, N.D.', 'New Delhi', '#6c5ce7');
INSERT INTO routes (id, name, start_point, city, color) VALUES ('R02', 'Route 02 – R.K. ASHRAM MARG (CANNAUGHT PLACE), N.D.', 'R.K. ASHRAM MARG (CANNAUGHT PLACE), N.D.', 'New Delhi', '#00b894');
INSERT INTO routes (id, name, start_point, city, color) VALUES ('R03', 'Route 03 – NEHRU PLACE, NEW DELHI', 'NEHRU PLACE, NEW DELHI', 'New Delhi', '#e17055');
INSERT INTO routes (id, name, start_point, city, color) VALUES ('R04', 'Route 04 – CHATTERPUR METRO STATION (NEW DELHI)', 'CHATTERPUR METRO STATION (NEW DELHI)', 'New Delhi', '#0984e3');
INSERT INTO routes (id, name, start_point, city, color) VALUES ('R05', 'Route 05 – DISTRICT CENTER JANAKPURI VIA-DWARKA, NEW DELHI', 'DISTRICT CENTER JANAKPURI VIA-DWARKA, NEW DELHI', 'New Delhi', '#fdcb6e');
INSERT INTO routes (id, name, start_point, city, color) VALUES ('R06', 'Route 06 – DWARKA MORE, NEW DELHI', 'DWARKA MORE, NEW DELHI', 'New Delhi', '#e84393');
INSERT INTO routes (id, name, start_point, city, color) VALUES ('R07', 'Route 07 – NAJAFGARH VIA PALAM VIHAR ROUTE', 'NAJAFGARH VIA PALAM VIHAR ROUTE', 'New Delhi', '#00cec9');
INSERT INTO routes (id, name, start_point, city, color) VALUES ('R08', 'Route 08 – ASHOK VIHAR PHASE-III, GURGAON', 'ASHOK VIHAR PHASE-III, GURGAON', 'Gurugram', '#a29bfe');
INSERT INTO routes (id, name, start_point, city, color) VALUES ('R09', 'Route 09 – HUDA CITY CENTER METRO STATION, GURGAON', 'HUDA CITY CENTER METRO STATION, GURGAON', 'Gurugram', '#fab1a0');
INSERT INTO routes (id, name, start_point, city, color) VALUES ('R10', 'Route 10 – SECTOR 91-92, 83-84 MANESAR, GURGAON', 'SECTOR 91-92, 83-84 MANESAR, GURGAON', 'Gurugram', '#55efc4');
INSERT INTO routes (id, name, start_point, city, color) VALUES ('R11', 'Route 11 – BALLABHGARH VIA FARIDABAD', 'BALLABHGARH VIA FARIDABAD', 'Faridabad', '#74b9ff');

-- DRIVERS
INSERT INTO drivers (id, name, phone, bus_id, conductor_name, conductor_phone, status, rating) VALUES ('DRV01', 'SHASHI LAL', '', 'BUS01', 'RAHUL SAINI', '', 'on_duty', 4.2);
INSERT INTO drivers (id, name, phone, bus_id, conductor_name, conductor_phone, status, rating) VALUES ('DRV02', 'RUMAL SINGH', '', 'BUS02', 'SC DAS ADHIKARI', '', 'on_duty', 4.6);
INSERT INTO drivers (id, name, phone, bus_id, conductor_name, conductor_phone, status, rating) VALUES ('DRV03', 'ANIL KUMAR ANIL SHARMA', '+91 7303991843', 'BUS03', 'VIJAY MORYA', '+91 9650863415', 'on_duty', 4.5);
INSERT INTO drivers (id, name, phone, bus_id, conductor_name, conductor_phone, status, rating) VALUES ('DRV04', 'RAMVAKIL', '+91 9557591338', 'BUS04', 'VIRENDER', '+91 9971971123', 'on_duty', 4.6);
INSERT INTO drivers (id, name, phone, bus_id, conductor_name, conductor_phone, status, rating) VALUES ('DRV05', 'BACCHU SINGH', '+91 9311210008', 'BUS05', 'GOVIND', '+91 9634759519', 'on_duty', 4.3);
INSERT INTO drivers (id, name, phone, bus_id, conductor_name, conductor_phone, status, rating) VALUES ('DRV06', 'SATBIR SHARMA', '+91 7011563329', 'BUS06', 'MAAN SINGH', '+91 7834813540', 'on_duty', 4.2);
INSERT INTO drivers (id, name, phone, bus_id, conductor_name, conductor_phone, status, rating) VALUES ('DRV07', 'VINOD', '+91 9468032912', 'BUS07', 'DINESH', '+91 7988985801', 'on_duty', 4.2);
INSERT INTO drivers (id, name, phone, bus_id, conductor_name, conductor_phone, status, rating) VALUES ('DRV08', 'NARESH KUMAR', '+91 8059088438', 'BUS08', 'PRAVESH KUMAR', '+91 7988302039', 'on_duty', 4.2);
INSERT INTO drivers (id, name, phone, bus_id, conductor_name, conductor_phone, status, rating) VALUES ('DRV09', 'NEERAJ', '+91 9588146175', 'BUS09', 'SRIRAM', '+91 9918663271', 'on_duty', 4.1);
INSERT INTO drivers (id, name, phone, bus_id, conductor_name, conductor_phone, status, rating) VALUES ('DRV10', 'MAHENDER', '+91 7056574055', 'BUS10', 'SANTOSH', '+91 9211528110', 'on_duty', 4.7);
INSERT INTO drivers (id, name, phone, bus_id, conductor_name, conductor_phone, status, rating) VALUES ('DRV11', 'BALDEV', '+91 9458856713', 'BUS11', 'PREMRAJ', '+91 8607542254', 'on_duty', 4.1);

-- BUSES
INSERT INTO buses (id, number, name, capacity, total_seats, route_id, driver_id, status) VALUES ('BUS01', 'GK-01', 'ROHINI WEST METRO STATION, N.D. Bus', 40, 40, 'R01', 'DRV01', 'active');
INSERT INTO buses (id, number, name, capacity, total_seats, route_id, driver_id, status) VALUES ('BUS02', 'GK-02', 'R.K. ASHRAM MARG (CANNAUGHT PLACE), N.D. Bus', 40, 40, 'R02', 'DRV02', 'active');
INSERT INTO buses (id, number, name, capacity, total_seats, route_id, driver_id, status) VALUES ('BUS03', 'GK-03', 'NEHRU PLACE, NEW DELHI Bus', 40, 40, 'R03', 'DRV03', 'active');
INSERT INTO buses (id, number, name, capacity, total_seats, route_id, driver_id, status) VALUES ('BUS04', 'GK-04', 'CHATTERPUR METRO STATION (NEW DELHI) Bus', 40, 40, 'R04', 'DRV04', 'active');
INSERT INTO buses (id, number, name, capacity, total_seats, route_id, driver_id, status) VALUES ('BUS05', 'GK-05', 'DISTRICT CENTER JANAKPURI VIA-DWARKA, NEW DELHI Bus', 40, 40, 'R05', 'DRV05', 'active');
INSERT INTO buses (id, number, name, capacity, total_seats, route_id, driver_id, status) VALUES ('BUS06', 'GK-06', 'DWARKA MORE, NEW DELHI Bus', 40, 40, 'R06', 'DRV06', 'active');
INSERT INTO buses (id, number, name, capacity, total_seats, route_id, driver_id, status) VALUES ('BUS07', 'GK-07', 'NAJAFGARH VIA PALAM VIHAR ROUTE Bus', 40, 40, 'R07', 'DRV07', 'active');
INSERT INTO buses (id, number, name, capacity, total_seats, route_id, driver_id, status) VALUES ('BUS08', 'GK-08', 'ASHOK VIHAR PHASE-III, GURGAON Bus', 40, 40, 'R08', 'DRV08', 'active');
INSERT INTO buses (id, number, name, capacity, total_seats, route_id, driver_id, status) VALUES ('BUS09', 'GK-09', 'HUDA CITY CENTER METRO STATION, GURGAON Bus', 40, 40, 'R09', 'DRV09', 'active');
INSERT INTO buses (id, number, name, capacity, total_seats, route_id, driver_id, status) VALUES ('BUS10', 'GK-10', 'SECTOR 91-92, 83-84 MANESAR, GURGAON Bus', 40, 40, 'R10', 'DRV10', 'active');
INSERT INTO buses (id, number, name, capacity, total_seats, route_id, driver_id, status) VALUES ('BUS11', 'GK-11', 'BALLABHGARH VIA FARIDABAD Bus', 40, 40, 'R11', 'DRV11', 'active');

-- STOPS
INSERT INTO stops (route_id, name, pickup_time, stop_order) VALUES ('R01', 'ROHINI WEST METRO, NEW DELHI', '06.50 AM', 1);
INSERT INTO stops (route_id, name, pickup_time, stop_order) VALUES ('R01', 'ROHINI EAST METRO, NEW DELHI', '06.52 AM', 2);
INSERT INTO stops (route_id, name, pickup_time, stop_order) VALUES ('R01', 'PITAMPURA METRO STATION, NEW DELHI', '06.58 AM', 3);
INSERT INTO stops (route_id, name, pickup_time, stop_order) VALUES ('R01', 'KOHAT ENCLAVE METRO STATION, NEW DELHI', '07.01 AM', 4);
INSERT INTO stops (route_id, name, pickup_time, stop_order) VALUES ('R01', 'NETAJI SHUBHASH PLACE, NEW DELHI', '07.05 AM', 5);
INSERT INTO stops (route_id, name, pickup_time, stop_order) VALUES ('R01', 'WAZIRPUR BUS DEPOT, NEW DELHI', '07.07 AM', 6);
INSERT INTO stops (route_id, name, pickup_time, stop_order) VALUES ('R01', 'BRITANIA CHOWK, NEW DELHI', '07.08 AM', 7);
INSERT INTO stops (route_id, name, pickup_time, stop_order) VALUES ('R01', 'PUNJABI BAGH CHOWK, NEW DELHI', '07.10 AM', 8);
INSERT INTO stops (route_id, name, pickup_time, stop_order) VALUES ('R01', 'PUNJABI BAGH CLUB, NEW DELHI', '07.11 AM', 9);
INSERT INTO stops (route_id, name, pickup_time, stop_order) VALUES ('R01', 'RAJOURI GARDEN, NEW DELHI', '07.15 AM', 10);
INSERT INTO stops (route_id, name, pickup_time, stop_order) VALUES ('R01', 'MARBLE MARKET, RAJOURI GARDEN, N.D.', '07.16 AM', 11);
INSERT INTO stops (route_id, name, pickup_time, stop_order) VALUES ('R01', 'DELHI CANT METRO STATION, N.D.', '07.25 AM', 12);
INSERT INTO stops (route_id, name, pickup_time, stop_order) VALUES ('R01', 'G D Goenka Education City', '09.00 AM', 13);
INSERT INTO stops (route_id, name, pickup_time, stop_order) VALUES ('R02', 'R.K. ASHRAM METRO STATION, NEW DELHI', '06.55 AM', 1);
INSERT INTO stops (route_id, name, pickup_time, stop_order) VALUES ('R02', 'KAROL BAGH METRO STATION, NEW DELHI', '07.05 AM', 2);
INSERT INTO stops (route_id, name, pickup_time, stop_order) VALUES ('R02', 'RAJENDRA PALACE METRO STATION, N.D.', '07.07 AM', 3);
INSERT INTO stops (route_id, name, pickup_time, stop_order) VALUES ('R02', 'SATYANIKETAN, NEW DELHI', '07.20 AM', 4);
INSERT INTO stops (route_id, name, pickup_time, stop_order) VALUES ('R02', 'MOTIBAGH BUS STOP, NEW DELHI', '07.25 AM', 5);
INSERT INTO stops (route_id, name, pickup_time, stop_order) VALUES ('R02', 'VASANT VIHAR VILLAGE, NEW DELHI', '07.30 AM', 6);
INSERT INTO stops (route_id, name, pickup_time, stop_order) VALUES ('R02', 'SUBRATO PARK, NEW DELHI', '07.32 AM', 7);
INSERT INTO stops (route_id, name, pickup_time, stop_order) VALUES ('R02', 'MAHIPALPUR, NEW DELHI', '07.40 AM', 8);
INSERT INTO stops (route_id, name, pickup_time, stop_order) VALUES ('R02', 'RANGPURI, MAHIPALPUR, NEW DELHI', '07.43 AM', 9);
INSERT INTO stops (route_id, name, pickup_time, stop_order) VALUES ('R02', 'RAJOKARI, NEW DELHI', '07.48 AM', 10);
INSERT INTO stops (route_id, name, pickup_time, stop_order) VALUES ('R02', 'SECTOR-31, RED LIGHT, GURUGRAM', '08.02 AM', 11);
INSERT INTO stops (route_id, name, pickup_time, stop_order) VALUES ('R02', 'JHARSA CHOWK, GURUGRAM', '08.05 AM', 12);
INSERT INTO stops (route_id, name, pickup_time, stop_order) VALUES ('R02', 'RAJIV CHOWK, GURUGRAM', '08.08 AM', 13);
INSERT INTO stops (route_id, name, pickup_time, stop_order) VALUES ('R02', 'JMD GARDEN, SOHNA RAOD, GURUGRAM', '08.10 AM', 14);
INSERT INTO stops (route_id, name, pickup_time, stop_order) VALUES ('R02', 'SUBHASH CHOWK, SOHNA ROAD, GURUGRAM', '08.12 AM', 15);
INSERT INTO stops (route_id, name, pickup_time, stop_order) VALUES ('R02', 'MALIBU TOWNE, GURUGRAM SOHNA ROAD', '08.13 AM', 16);
INSERT INTO stops (route_id, name, pickup_time, stop_order) VALUES ('R02', 'OMEXE MALL, SOHNA ROAD, GURUGRAM', '08.15 AM', 17);
INSERT INTO stops (route_id, name, pickup_time, stop_order) VALUES ('R02', 'UPPAL SOUTHEND, GURUGRAM', '08.16 AM', 18);
INSERT INTO stops (route_id, name, pickup_time, stop_order) VALUES ('R02', 'UPPAL SOUTHEND, GURUGRAM', '08.17 AM', 19);
INSERT INTO stops (route_id, name, pickup_time, stop_order) VALUES ('R02', 'VATIKA BUSSINESS PARK, MAIN SOHNA ROAD, GURUGRAM', '08.18 AM', 20);
INSERT INTO stops (route_id, name, pickup_time, stop_order) VALUES ('R02', 'VATIKA CITY RED LIGHT, GURUGRAM', '08.19 AM', 21);
INSERT INTO stops (route_id, name, pickup_time, stop_order) VALUES ('R02', 'G D Goenka Education City', '09.00 AM', 22);
INSERT INTO stops (route_id, name, pickup_time, stop_order) VALUES ('R03', 'PAMPOS ENCLAVE, NEW DELHI', '06.40 AM', 1);
INSERT INTO stops (route_id, name, pickup_time, stop_order) VALUES ('R03', 'NSIC OKHLA METRO STATION, N.D.', '06.45 AM', 2);
INSERT INTO stops (route_id, name, pickup_time, stop_order) VALUES ('R03', 'LAJPAT NAGAR, NEW DELHI', '06.52 AM', 3);
INSERT INTO stops (route_id, name, pickup_time, stop_order) VALUES ('R03', 'MOOLCHAND METRO STATION, NEW DELHI', '06.55 AM', 4);
INSERT INTO stops (route_id, name, pickup_time, stop_order) VALUES ('R03', 'CHIRAG DELHI, N.D.', '07.00 AM', 5);
INSERT INTO stops (route_id, name, pickup_time, stop_order) VALUES ('R03', 'PANCHSHEEL METRO STATION, N.D.', '07.03 AM', 6);
INSERT INTO stops (route_id, name, pickup_time, stop_order) VALUES ('R03', 'HAUZ KHAS METRO STATION, N.D.', '07.05 AM', 7);
INSERT INTO stops (route_id, name, pickup_time, stop_order) VALUES ('R03', 'CAPITAL COURT MUNIRKA, NEW DELHI', '07.10 AM', 8);
INSERT INTO stops (route_id, name, pickup_time, stop_order) VALUES ('R03', 'VASANT VIHAR POLICE STATION, N.D.', '07.13 AM', 9);
INSERT INTO stops (route_id, name, pickup_time, stop_order) VALUES ('R03', 'JNU, NEW DELHI', '07.15 AM', 10);
INSERT INTO stops (route_id, name, pickup_time, stop_order) VALUES ('R03', 'KISHANGARH, NEW DELHI', '07.25 AM', 11);
INSERT INTO stops (route_id, name, pickup_time, stop_order) VALUES ('R03', 'CHATTERPUR METRO STATION, N.D.', '07.30 AM', 12);
INSERT INTO stops (route_id, name, pickup_time, stop_order) VALUES ('R03', 'NEW MANLAPURI, NEW DELHI', '07.35 AM', 13);
INSERT INTO stops (route_id, name, pickup_time, stop_order) VALUES ('R03', 'SULTANPUR METRO STATION, N.D.', '07.38 AM', 14);
INSERT INTO stops (route_id, name, pickup_time, stop_order) VALUES ('R03', 'GHITORNI METRO STATION, N.D.', '07.44 AM', 15);
INSERT INTO stops (route_id, name, pickup_time, stop_order) VALUES ('R03', 'HOTEL HYATT, SECTOR 66, GURUGRAM', '08.10 AM', 16);
INSERT INTO stops (route_id, name, pickup_time, stop_order) VALUES ('R03', 'PARAS TRINITY, SECTOR 60, GURUGRAM', '08.15 AM', 17);
INSERT INTO stops (route_id, name, pickup_time, stop_order) VALUES ('R03', 'ANSAL ASSENCIA, SECTOR-67, GURUGRAM', '08.20 AM', 18);
INSERT INTO stops (route_id, name, pickup_time, stop_order) VALUES ('R03', 'G D Goenka Education City', '09.00 AM', 19);
INSERT INTO stops (route_id, name, pickup_time, stop_order) VALUES ('R04', 'VASANT KUNJ, NEW DELHI', '06.55 AM', 1);
INSERT INTO stops (route_id, name, pickup_time, stop_order) VALUES ('R04', 'MASOODPUR, VASANT KUNJ, NEW DELHI', '07.00 AM', 2);
INSERT INTO stops (route_id, name, pickup_time, stop_order) VALUES ('R04', 'CHATTERPUR METRO STATION, N.D.', '07.10 AM', 3);
INSERT INTO stops (route_id, name, pickup_time, stop_order) VALUES ('R04', 'NEW MANLAPURI, NEW DELHI', '07.15 AM', 4);
INSERT INTO stops (route_id, name, pickup_time, stop_order) VALUES ('R04', 'SULTANPUR METRO STATION, N.D.', '07.16 AM', 5);
INSERT INTO stops (route_id, name, pickup_time, stop_order) VALUES ('R04', 'GHITORNI VILLAGE, NEW DELHI', '07.20 AM', 6);
INSERT INTO stops (route_id, name, pickup_time, stop_order) VALUES ('R04', 'NATHUPUR, DLF PHASE 3, GURUGRAM', '07.25 AM', 7);
INSERT INTO stops (route_id, name, pickup_time, stop_order) VALUES ('R04', 'DRONACHARYA METRO STATION, GURUGRAM', '07.35 AM', 8);
INSERT INTO stops (route_id, name, pickup_time, stop_order) VALUES ('R04', 'DLF CITY COURT SECTOR-24, GURUGRAM', '07.38 AM', 9);
INSERT INTO stops (route_id, name, pickup_time, stop_order) VALUES ('R04', 'SIKANDERPUR METRO STATION, GURUGRAM', '07.40 AM', 10);
INSERT INTO stops (route_id, name, pickup_time, stop_order) VALUES ('R04', 'DLF PHASE-01 RAPID METRO, GURUGRAM', '07.45 AM', 11);
INSERT INTO stops (route_id, name, pickup_time, stop_order) VALUES ('R04', 'SECTOR 42-43 RAPID METRO, GURUGRAM', '07.50 AM', 12);
INSERT INTO stops (route_id, name, pickup_time, stop_order) VALUES ('R04', 'GENPECT, SECTOR-43, GURUGRAM', '07.52 AM', 13);
INSERT INTO stops (route_id, name, pickup_time, stop_order) VALUES ('R04', 'SECTOR 53-54 RAPID METRO STATION, GURUGRAM', '07.55 AM', 14);
INSERT INTO stops (route_id, name, pickup_time, stop_order) VALUES ('R04', 'SUNCITY, SECTOR 54, GURUGRAM', '07.57 AM', 15);
INSERT INTO stops (route_id, name, pickup_time, stop_order) VALUES ('R04', 'AIT CHOWK, GURUGRAM', '08.00 AM', 16);
INSERT INTO stops (route_id, name, pickup_time, stop_order) VALUES ('R04', 'SECTOR 55-56 REPID METRO STATION, GURUGRAM', '08.01 AM', 17);
INSERT INTO stops (route_id, name, pickup_time, stop_order) VALUES ('R04', 'KENDRIYA VIHAR, SECTOR-56, GURUGRAM', '08.03 AM', 18);
INSERT INTO stops (route_id, name, pickup_time, stop_order) VALUES ('R04', 'HONG KONG MARKET, GURUGRAM', '08.05 AM', 19);
INSERT INTO stops (route_id, name, pickup_time, stop_order) VALUES ('R04', 'POINEER PARK, SECTOR-61, GURUGRAM', '08.10 AM', 20);
INSERT INTO stops (route_id, name, pickup_time, stop_order) VALUES ('R04', 'WORLD MARK, SECTOR 60, GURUGRAM', '08.15 AM', 21);
INSERT INTO stops (route_id, name, pickup_time, stop_order) VALUES ('R04', 'M3M MERLIN, SECTOR-67, GURUGRAM', '08.17 AM', 22);
INSERT INTO stops (route_id, name, pickup_time, stop_order) VALUES ('R04', 'ANSAL ASSENCIA, SECTOR-67, GURUGRAM', '08.20 AM', 23);
INSERT INTO stops (route_id, name, pickup_time, stop_order) VALUES ('R04', 'G D Goenka Education City', '09.00 AM', 24);
INSERT INTO stops (route_id, name, pickup_time, stop_order) VALUES ('R05', 'DISTRICT CENTER JANAKPURI, NEW DELHI', '06.55 AM', 1);
INSERT INTO stops (route_id, name, pickup_time, stop_order) VALUES ('R05', 'UTTAM NAGAR, BUS TERMINAL, NEW DELHI', '07.00 AM', 2);
INSERT INTO stops (route_id, name, pickup_time, stop_order) VALUES ('R05', 'DABRI MORE, NEW DELHI', '07.10 AM', 3);
INSERT INTO stops (route_id, name, pickup_time, stop_order) VALUES ('R05', 'POWER HOUSE DWARKA, NEW DELHI', '07.18 AM', 4);
INSERT INTO stops (route_id, name, pickup_time, stop_order) VALUES ('R05', 'BHAGAT CHANDRA HOSPITAL, DWARKA, NEW DELHI', '07.22 AM', 5);
INSERT INTO stops (route_id, name, pickup_time, stop_order) VALUES ('R05', 'SECTOR-1, DWARKA, NEW DELHI', '07.25 AM', 6);
INSERT INTO stops (route_id, name, pickup_time, stop_order) VALUES ('R05', 'DWARK SEC-6-7 RED LIGHT, DWARKA, NEW DELHI', '07.28 AM', 7);
INSERT INTO stops (route_id, name, pickup_time, stop_order) VALUES ('R05', 'DWARKA SECTOR 8-9 METRO STATION, NEW DELHI', '07.30 AM', 8);
INSERT INTO stops (route_id, name, pickup_time, stop_order) VALUES ('R05', 'PARAMOUNT SCHOOL SECTOR-22, NEW DELHI', '07.38 AM', 9);
INSERT INTO stops (route_id, name, pickup_time, stop_order) VALUES ('R05', 'G D Goenka Education City', '09.00 AM', 10);
INSERT INTO stops (route_id, name, pickup_time, stop_order) VALUES ('R06', 'DWARKA MORE, DWARKA, NEW DELHI', '07.00 AM', 1);
INSERT INTO stops (route_id, name, pickup_time, stop_order) VALUES ('R06', 'SECTOR 3-4, RED LIGHT, DWARKA, NEW DELHI', '07.10 AM', 2);
INSERT INTO stops (route_id, name, pickup_time, stop_order) VALUES ('R06', 'SECTOR 12, RED LIGHT, DWARKA, NEW DELHI', '07.13 AM', 3);
INSERT INTO stops (route_id, name, pickup_time, stop_order) VALUES ('R06', 'ASHIRWAD CHOWK, SECTOR-04/05, DWARKA, NEW DELHI', '07.20 AM', 4);
INSERT INTO stops (route_id, name, pickup_time, stop_order) VALUES ('R06', 'SECTOR 10 MARKET, DWARKA, NEW DELHI', '07.23 AM', 5);
INSERT INTO stops (route_id, name, pickup_time, stop_order) VALUES ('R06', 'SECTOR 08 & 09, DTC DEPOT, DWARKA, NEW DELHI', '07.28 AM', 6);
INSERT INTO stops (route_id, name, pickup_time, stop_order) VALUES ('R06', 'SECTOR 08 & 09, METRO STATION, DWARKA, N.D.', '07.30 AM', 7);
INSERT INTO stops (route_id, name, pickup_time, stop_order) VALUES ('R06', 'SECTOR 21 METRO STATION, DWARKA, NEW DELHI', '07.40 AM', 8);
INSERT INTO stops (route_id, name, pickup_time, stop_order) VALUES ('R06', 'SAMALAKHA RED LIGHT, NEW DELHI', '07.45 AM', 9);
INSERT INTO stops (route_id, name, pickup_time, stop_order) VALUES ('R06', 'G D Goenka Education City', '09.00 AM', 10);
INSERT INTO stops (route_id, name, pickup_time, stop_order) VALUES ('R07', 'DHANSA METRO STATION, NAJAFGARH, NEW DELHI', '07.05 AM', 1);
INSERT INTO stops (route_id, name, pickup_time, stop_order) VALUES ('R07', 'BAHADURGARH MORE, NEAR PETROL PUMP, NAJAFGARH', '07.07 AM', 2);
INSERT INTO stops (route_id, name, pickup_time, stop_order) VALUES ('R07', 'DELHI GATE, NAJAFGARH, NEW DELHI', '07.15 AM', 3);
INSERT INTO stops (route_id, name, pickup_time, stop_order) VALUES ('R07', 'CHAWALA STAND NAJAFGARH, NEW DELHI', '07.16 AM', 4);
INSERT INTO stops (route_id, name, pickup_time, stop_order) VALUES ('R07', 'NEW ROSHANPURA, CHAWLA NAJAFGARH ROAD', '07.20 AM', 5);
INSERT INTO stops (route_id, name, pickup_time, stop_order) VALUES ('R07', 'DEENPUR, NEW DELHI', '07.25 AM', 6);
INSERT INTO stops (route_id, name, pickup_time, stop_order) VALUES ('R07', 'CHHAWLA VILLAGE, NEW DELHI', '07.30 AM', 7);
INSERT INTO stops (route_id, name, pickup_time, stop_order) VALUES ('R07', 'BAJGHERA VILLAGE NEAR ORCHID INTERNATION SCHOOL, GURGAON', '07.37 AM', 8);
INSERT INTO stops (route_id, name, pickup_time, stop_order) VALUES ('R07', 'MAHINDRA AURA APPT. BAJGHERA VILLAGE, GURUGRAM', '07.42 AM', 9);
INSERT INTO stops (route_id, name, pickup_time, stop_order) VALUES ('R07', 'KRISHNA CHOWK, PALAM VIHAR, GURUGRAM', '07.43 AM', 10);
INSERT INTO stops (route_id, name, pickup_time, stop_order) VALUES ('R07', 'SPENISH COURT, SECTOR 23, PALAM VIHAR, GURUGRAM', '07.45 AM', 11);
INSERT INTO stops (route_id, name, pickup_time, stop_order) VALUES ('R07', 'COLUMBIA ASIA CIRCLE, PALAM VIHAR, GURUGRAM', '07.49 AM', 12);
INSERT INTO stops (route_id, name, pickup_time, stop_order) VALUES ('R07', 'SECTOR 23, GATE NO. 03, PALAM VIHAR, GURUGRAM', '07.50 AM', 13);
INSERT INTO stops (route_id, name, pickup_time, stop_order) VALUES ('R07', 'SECTOR 23, GATE NO. 01, PALAM VIHAR, GURUGRAM', '07.52 AM', 14);
INSERT INTO stops (route_id, name, pickup_time, stop_order) VALUES ('R07', 'SECTOR 22, DEVILAL PARK, PALAM VIHAR, GURUGRAM', '07.53 AM', 15);
INSERT INTO stops (route_id, name, pickup_time, stop_order) VALUES ('R07', 'SECTOR 22, MAIN MARKET, PALAM VIHAR, GURUGRAM', '07.55 AM', 16);
INSERT INTO stops (route_id, name, pickup_time, stop_order) VALUES ('R07', 'ATUL KATARIA CHOWK, SECTOR 17, GURUGRAM', '08.07 AM', 17);
INSERT INTO stops (route_id, name, pickup_time, stop_order) VALUES ('R07', 'MDI, CHOWK, GURUGRAM', '08.10 AM', 18);
INSERT INTO stops (route_id, name, pickup_time, stop_order) VALUES ('R07', 'G D Goenka Education City', '09.00 AM', 19);
INSERT INTO stops (route_id, name, pickup_time, stop_order) VALUES ('R08', 'ASHOK VIHAR, PHASE-III, GURUGRAM', '07.50 AM', 1);
INSERT INTO stops (route_id, name, pickup_time, stop_order) VALUES ('R08', 'SECTOR 05 CIRCLE, GURUGRAM', '07.55 AM', 2);
INSERT INTO stops (route_id, name, pickup_time, stop_order) VALUES ('R08', 'BABA PRAKASHPURI CHOWK, GURUGRAM', '07.00 AM', 3);
INSERT INTO stops (route_id, name, pickup_time, stop_order) VALUES ('R08', 'MATA CHINTPURNI MANDIR, GURUGRAM', '08.02 AM', 4);
INSERT INTO stops (route_id, name, pickup_time, stop_order) VALUES ('R08', 'HARISH BAKERY, SECTOR-07, GURUGRAM', '08.10 AM', 5);
INSERT INTO stops (route_id, name, pickup_time, stop_order) VALUES ('R08', 'RAJMAHAL HOTEL, COLONY MORE, GURUGRAM', '08.12 AM', 6);
INSERT INTO stops (route_id, name, pickup_time, stop_order) VALUES ('R08', 'SHIV MURTI, MAIN SADAR MARKET ROAD, GURUGRAM', '08.14 AM', 7);
INSERT INTO stops (route_id, name, pickup_time, stop_order) VALUES ('R08', 'SOHNA CHOWK, GURUGRAM', '08.19 AM', 8);
INSERT INTO stops (route_id, name, pickup_time, stop_order) VALUES ('R08', 'COMMISSIONER OFFICE, GURUGRAM', '08.22 AM', 9);
INSERT INTO stops (route_id, name, pickup_time, stop_order) VALUES ('R08', 'G D Goenka Education City', '09.00 AM', 10);
INSERT INTO stops (route_id, name, pickup_time, stop_order) VALUES ('R09', 'MILLENIUM CITY CENTRE METRO, NEAR FORTIS EMERGENCY GATE', '07.40 AM', 1);
INSERT INTO stops (route_id, name, pickup_time, stop_order) VALUES ('R09', 'SECTOR 40 RED LIGHT, GURUGRAM', '07.50 AM', 2);
INSERT INTO stops (route_id, name, pickup_time, stop_order) VALUES ('R09', 'CYBER PARK, SECTOR 46, GURUGRAM', '07.52 AM', 3);
INSERT INTO stops (route_id, name, pickup_time, stop_order) VALUES ('R09', 'ISCKON TEMPLE, SECTOR 46, GURUGRAM', '07.56 AM', 4);
INSERT INTO stops (route_id, name, pickup_time, stop_order) VALUES ('R09', 'SECTOR 52, GURUGRAM', '08.00 AM', 5);
INSERT INTO stops (route_id, name, pickup_time, stop_order) VALUES ('R09', 'ARTEMIS HOSPITAL, GURUGRAM', '08.02 AM', 6);
INSERT INTO stops (route_id, name, pickup_time, stop_order) VALUES ('R09', 'WHITE HOUSE, SECTOR 57, GURUGRAM', '08.04 AM', 7);
INSERT INTO stops (route_id, name, pickup_time, stop_order) VALUES ('R09', 'SECTOR 57, BOOM PLAZA, GURUGRAM', '08.07 AM', 8);
INSERT INTO stops (route_id, name, pickup_time, stop_order) VALUES ('R09', 'ST. XAVIER SCHOOL, SECTOR 56, GURUGRAM', '08.15 AM', 9);
INSERT INTO stops (route_id, name, pickup_time, stop_order) VALUES ('R09', 'MGF EMMAR, PALM DRIVE, SECTOR-66, GURUGRAM', '08.18 AM', 10);
INSERT INTO stops (route_id, name, pickup_time, stop_order) VALUES ('R09', 'VATIKA CITY, SECTOR-49 GURUGRAM', '08.19 AM', 11);
INSERT INTO stops (route_id, name, pickup_time, stop_order) VALUES ('R09', 'G D Goenka Education City', '09.00 AM', 12);
INSERT INTO stops (route_id, name, pickup_time, stop_order) VALUES ('R10', 'SARE HOME SEC.-92, MAIN ROAD GURUGRAM', '07.20 AM', 1);
INSERT INTO stops (route_id, name, pickup_time, stop_order) VALUES ('R10', 'DLF HEIGHTS SEC.-91, MAIN ROAD GURUGRAM', '07.30 AM', 2);
INSERT INTO stops (route_id, name, pickup_time, stop_order) VALUES ('R10', 'SEC.- 84, BADA CHOWK, MAIN ROAD GURUGRAM', '07.34 AM', 3);
INSERT INTO stops (route_id, name, pickup_time, stop_order) VALUES ('R10', 'CIRCLE-03 SEC.- 84 MAIN ROAD, MAIN ROAD GURUGRAM', '07.42 AM', 4);
INSERT INTO stops (route_id, name, pickup_time, stop_order) VALUES ('R10', 'PARK VIEW SPA SIGNATURE, SEC.- 81, MAIN ROAD, GURUGRAM', '07.45 AM', 5);
INSERT INTO stops (route_id, name, pickup_time, stop_order) VALUES ('R10', 'SAPPHIRE MALL, SEC.-83, MAIN ROAD GURUGRAM', '07.50 AM', 6);
INSERT INTO stops (route_id, name, pickup_time, stop_order) VALUES ('R10', 'VATIKA INDIA NEXT, SEC.-82, MAIN ROAD GURUGRAM', '07.55 AM', 7);
INSERT INTO stops (route_id, name, pickup_time, stop_order) VALUES ('R10', 'POLICE STATION, NEAR HYATT REGENCY, GURUGRAM', '08.00 AM', 8);
INSERT INTO stops (route_id, name, pickup_time, stop_order) VALUES ('R10', 'SECTOR 77, SPR, MAIN ROAD GURUGRAM', '08.05 AM', 9);
INSERT INTO stops (route_id, name, pickup_time, stop_order) VALUES ('R10', 'SECTOR 75A, SPR, MAIN ROAD GURUGRAM', '08.10 AM', 10);
INSERT INTO stops (route_id, name, pickup_time, stop_order) VALUES ('R10', 'SECTOR 69, SOUTHERN PERIPHERAL ROAD,MAIN ROAD GURUGRAM', '08.15 AM', 11);
INSERT INTO stops (route_id, name, pickup_time, stop_order) VALUES ('R10', 'SECTOR 70, SOUTHERN PERIPHERAL ROAD,MAIN ROAD GURUGRAM', '08.18 AM', 12);
INSERT INTO stops (route_id, name, pickup_time, stop_order) VALUES ('R10', 'VATIKA CITY RED LIGHT, MAIN ROAD GURUGRAM', '08.20 AM', 13);
INSERT INTO stops (route_id, name, pickup_time, stop_order) VALUES ('R10', 'BADSHAHPUR, MAIN ROAD GURUGRAM', '08.22 AM', 14);
INSERT INTO stops (route_id, name, pickup_time, stop_order) VALUES ('R10', 'G D Goenka Education City', '09.00 AM', 15);
INSERT INTO stops (route_id, name, pickup_time, stop_order) VALUES ('R11', 'SIKIRI, FARIDABAD', '07.05 AM', 1);
INSERT INTO stops (route_id, name, pickup_time, stop_order) VALUES ('R11', 'JHAR SAINTALI, FARIDABAD', '07.10 AM', 2);
INSERT INTO stops (route_id, name, pickup_time, stop_order) VALUES ('R11', 'BALLABHGARH PETROL PUMP, BUS TERMINAL', '07.15 AM', 3);
INSERT INTO stops (route_id, name, pickup_time, stop_order) VALUES ('R11', 'BALLABHGARH METRO STATION,', '07.20 AM', 4);
INSERT INTO stops (route_id, name, pickup_time, stop_order) VALUES ('R11', 'SIHI METRO STATION, FBD.', '07.22 AM', 5);
INSERT INTO stops (route_id, name, pickup_time, stop_order) VALUES ('R11', 'ESCORT MUJESER METRO STATION', '07.25 AM', 6);
INSERT INTO stops (route_id, name, pickup_time, stop_order) VALUES ('R11', 'BATA METRO STATION, FARIDABAD', '07.27 AM', 7);
INSERT INTO stops (route_id, name, pickup_time, stop_order) VALUES ('R11', 'NEELAM METRO STATION, FARIDABAD', '07.30 AM', 8);
INSERT INTO stops (route_id, name, pickup_time, stop_order) VALUES ('R11', 'OLD FLYOVER, SECTOR 16, FARIDABAD', '07.32 AM', 9);
INSERT INTO stops (route_id, name, pickup_time, stop_order) VALUES ('R11', 'BADKAL METRO STATION, FARIDABAD', '07.35 AM', 10);
INSERT INTO stops (route_id, name, pickup_time, stop_order) VALUES ('R11', 'ASIAN HOSPITAL, FARIDABAD', '07.40 AM', 11);
INSERT INTO stops (route_id, name, pickup_time, stop_order) VALUES ('R11', 'SECTOR 21C, BLOCK, FARIDABAD', '07.45 AM', 12);
INSERT INTO stops (route_id, name, pickup_time, stop_order) VALUES ('R11', 'SECTOR 48, FARIDABAD', '07.50 AM', 13);
INSERT INTO stops (route_id, name, pickup_time, stop_order) VALUES ('R11', 'SAINIK COLONY CHOWK, FARIDABAD', '07.55 AM', 14);
INSERT INTO stops (route_id, name, pickup_time, stop_order) VALUES ('R11', 'SAINIK COLONY CHOWK, GATE NO. 3, FARIDABAD', '07.57 AM', 15);
INSERT INTO stops (route_id, name, pickup_time, stop_order) VALUES ('R11', 'ACHEIVER''S APARTMENT, FARIDABAD', '08.00 AM', 16);
INSERT INTO stops (route_id, name, pickup_time, stop_order) VALUES ('R11', 'PALI VILLAGE, FARIDABAD', '08.05 AM', 17);
INSERT INTO stops (route_id, name, pickup_time, stop_order) VALUES ('R11', 'G D Goenka Education City', '09.00 AM', 18);
